{
    "accuracy": 0.94,
    "precision": 0.8837209302325582,
    "recall": 0.8444444444444444,
    "f1_score": 0.8636363636363636
}